date,open,high,low,close,adjclose,volume
2015-05-08,126.68,127.62,126.11,127.62,117.934,55473820
2015-05-11,127.39,127.56,125.625,126.32,116.733,41920740
2015-05-12,125.6,126.88,124.82,125.865,116.312,48073450
2015-05-13,126.15,127.19,125.87,126.01,116.446,34611600
2015-05-14,127.41,128.95,127.16,128.95,119.163,45123920
2015-05-15,129.07,129.49,128.21,128.77,118.997,38128470
2015-05-18,128.38,130.72,128.36,130.19,120.309,50723240
2015-05-19,130.69,130.88,129.64,130.07,120.198,44395440
2015-05-20,130,130.98,129.34,130.06,120.189,36261170
2015-05-21,130.07,131.63,129.83,131.39,121.418,39589780
2015-05-22,131.6,132.97,131.4,132.54,122.481,45595972
2015-05-26,132.6,132.91,129.12,129.62,119.782,70544670
2015-05-27,130.34,132.26,130.05,132.045,122.023,45771120
2015-05-28,131.86,131.95,131.1,131.78,121.778,30678840
2015-05-29,131.23,131.45,129.9,130.28,120.392,50884452
2015-06-01,131.2,131.39,130.05,130.535,120.628,32016020
2015-06-02,129.86,130.655,129.32,129.96,120.097,33595980
2015-06-03,130.66,130.94,129.9,130.12,120.244,30939810
2015-06-04,129.58,130.58,128.91,129.36,119.542,38335980
2015-06-05,129.5,129.69,128.36,128.65,118.886,35626800
2015-06-08,128.9,129.21,126.83,127.8,118.1,52609900
2015-06-09,126.7,128.08,125.62,127.42,117.749,56002840
2015-06-10,127.92,129.34,127.85,128.88,119.098,39087250
2015-06-11,129.18,130.18,128.475,128.59,118.831,35390887
2015-06-12,128.185,128.33,127.11,127.17,117.518,36886246
2015-06-15,126.1,127.24,125.71,126.92,117.287,43896960
2015-06-16,127.03,127.85,126.37,127.6,117.916,31443650
2015-06-17,127.72,127.88,126.74,127.3,117.638,32858900
2015-06-18,127.23,128.31,127.22,127.88,118.174,35363990
2015-06-19,127.71,127.82,126.4,126.6,116.992,54361530
2015-06-22,127.49,128.06,127.08,127.61,117.925,33976180
2015-06-23,127.48,127.61,126.879,127.03,117.389,30192140
2015-06-24,127.21,129.8,127.12,128.11,118.387,55077520
2015-06-25,128.86,129.2,127.5,127.5,117.823,31872390
2015-06-26,127.67,127.99,126.51,126.75,117.13,44066841
2015-06-29,125.46,126.47,124.48,124.53,115.079,49043410
2015-06-30,125.57,126.12,124.86,125.425,115.906,44326050
2015-07-01,126.9,126.94,125.99,126.6,116.992,30206890
2015-07-02,126.43,126.69,125.77,126.44,116.844,27171180
2015-07-06,124.94,126.23,124.85,126,116.437,27972950
2015-07-07,125.89,126.15,123.77,125.69,116.151,46737090
2015-07-08,124.48,124.64,122.54,122.57,113.267,60609830
2015-07-09,123.85,124.06,119.22,120.07,110.957,78291510
2015-07-10,121.94,123.85,121.21,123.28,113.924,61354474
2015-07-13,125.03,125.755,124.32,125.66,116.123,41365600
2015-07-14,126.04,126.37,125.04,125.61,116.077,31695870
2015-07-15,125.72,127.15,125.58,126.82,117.195,33559770
2015-07-16,127.74,128.57,127.35,128.51,118.757,35987630
2015-07-17,129.08,129.62,128.31,129.62,119.782,45970470
2015-07-20,130.97,132.97,130.7,132.07,122.046,55204920
2015-07-21,132.85,132.92,130.32,130.75,120.826,73006780
2015-07-22,121.99,125.5,121.99,125.22,115.716,115288400
2015-07-23,126.2,127.09,125.06,125.16,115.661,50832950
2015-07-24,125.32,125.74,123.9,124.5,115.051,42162332
2015-07-27,123.09,123.61,122.12,122.77,113.452,44371580
2015-07-28,123.38,123.91,122.55,123.38,114.016,33570380
2015-07-29,123.15,123.5,122.27,122.99,113.656,36912040
2015-07-30,122.32,122.57,121.71,122.37,113.082,33400950
2015-07-31,122.6,122.642,120.91,121.3,112.094,42884953
2015-08-03,121.5,122.57,117.52,118.44,109.451,69639900
2015-08-04,117.42,117.7,113.25,114.64,105.939,123601900
2015-08-05,112.95,117.44,112.1,115.4,106.641,99202400
2015-08-06,115.97,116.5,114.115,115.13,106.874,52828890
2015-08-07,114.58,116.25,114.5,115.52,107.236,38610120
2015-08-10,116.53,119.99,116.53,119.72,111.134,54951597
2015-08-11,117.81,118.18,113.33,113.49,105.351,96820670
2015-08-12,112.53,115.42,109.63,115.24,106.976,101593400
2015-08-13,116.04,116.4,114.54,115.15,106.892,48407640
2015-08-14,114.32,116.31,114.01,115.96,107.644,42876370
2015-08-17,116.04,117.65,115.5,117.16,108.758,40827260
2015-08-18,116.43,117.44,116.01,116.5,108.145,34525630
2015-08-19,116.1,116.52,114.68,115.01,106.762,48079330
2015-08-20,114.08,114.35,111.63,112.65,104.572,68176940
2015-08-21,110.43,111.9,105.645,105.76,98.176,128275471
2015-08-24,94.87,108.8,92,103.12,95.725,161882500
2015-08-25,111.11,111.11,103.5,103.74,96.3,102731700
2015-08-26,107.085,109.89,105.05,109.69,101.824,96531890
2015-08-27,112.23,113.24,110.02,112.92,104.822,83825220
2015-08-28,112.17,113.31,111.54,113.29,105.166,53075960
2015-08-31,112.03,114.53,112,112.76,104.674,56111590
2015-09-01,110.15,111.88,107.36,107.72,99.995,76562170
2015-09-02,110.23,112.34,109.131,112.34,104.284,61681250
2015-09-03,112.49,112.78,110.04,110.37,102.455,53142590
2015-09-04,108.97,110.45,108.51,109.27,101.434,49996311
2015-09-08,111.65,112.56,110.32,112.31,104.256,54507300
2015-09-09,113.76,114.02,109.77,110.15,102.251,84757780
2015-09-10,110.27,113.282,109.9,112.57,104.497,62800770
2015-09-11,111.79,114.21,111.76,114.21,106.02,49793750
2015-09-14,116.58,116.89,114.86,115.31,107.041,58279570
2015-09-15,115.93,116.53,114.42,116.28,107.941,43218350
2015-09-16,116.25,116.54,115.44,116.41,108.062,37080720
2015-09-17,115.66,116.49,113.715,113.92,105.75,63712340
2015-09-18,112.21,114.3,111.87,113.45,105.314,73991000
2015-09-21,113.67,115.37,113.66,115.21,106.948,46594220
2015-09-22,113.38,114.18,112.52,113.4,105.268,50278030
2015-09-23,113.63,114.72,113.3,114.32,106.122,35678360
2015-09-24,113.25,115.5,112.37,115,106.753,50061580
2015-09-25,116.44,116.69,114.02,114.71,106.484,56005550
2015-09-28,113.85,114.57,112.44,112.44,104.376,51861990
2015-09-29,112.83,113.51,107.86,109.06,101.239,73230280
2015-09-30,110.17,111.54,108.73,110.3,102.39,66300930
2015-10-01,109.07,109.62,107.31,109.58,101.722,63849470
2015-10-02,108.01,111.014,107.55,110.38,102.464,57774940
2015-10-05,109.88,111.37,109.07,110.78,102.836,52033100
2015-10-06,110.63,111.74,109.765,111.31,103.328,48702200
2015-10-07,111.74,111.77,109.41,110.78,102.836,46717770
2015-10-08,110.19,110.19,108.21,109.5,101.647,61747260
2015-10-09,110,112.28,109.49,112.12,104.079,52720620
2015-10-12,112.73,112.75,111.44,111.6,103.597,30386830
2015-10-13,110.82,112.45,110.68,111.79,103.773,32970790
2015-10-14,111.29,111.52,109.56,110.21,102.306,44434220
2015-10-15,110.93,112.1,110.49,111.86,103.838,37622200
2015-10-16,111.78,112,110.53,111.04,103.077,38794930
2015-10-19,110.8,111.75,110.11,111.73,103.717,29723750
2015-10-20,111.34,114.17,110.82,113.77,105.611,48929200
2015-10-21,114,115.58,113.7,113.76,105.602,42276880
2015-10-22,114.33,115.5,114.1,115.5,107.217,41430660
2015-10-23,116.7,119.228,116.33,119.08,110.54,59366914
2015-10-26,118.08,118.13,114.92,115.28,107.013,66333781
2015-10-27,115.4,116.54,113.99,114.55,106.335,69884400
2015-10-28,116.93,119.3,116.06,119.27,110.717,85551352
2015-10-29,118.7,120.69,118.27,120.53,111.886,51227334
2015-10-30,120.99,121.22,119.45,119.5,110.93,49365254
2015-11-02,119.87,121.36,119.61,121.18,112.49,32203267
2015-11-03,120.79,123.49,120.7,122.57,113.78,45505313
2015-11-04,123.13,123.82,121.62,122,113.251,44886050
2015-11-05,121.85,122.69,120.18,120.92,112.729,39552680
2015-11-06,121.11,121.81,120.62,121.06,112.859,33042283
2015-11-09,120.96,121.81,120.05,120.57,112.403,33871405
2015-11-10,116.9,118.07,116.061,116.77,108.86,59127931
2015-11-11,116.37,117.42,115.21,116.11,108.245,45217971
2015-11-12,116.26,116.82,115.65,115.72,107.881,32525579
2015-11-13,115.2,115.57,112.27,112.34,104.73,45786947
2015-11-16,111.38,114.24,111,114.175,106.441,38106701
2015-11-17,114.92,115.05,113.32,113.69,105.989,27616939
2015-11-18,115.76,117.49,115.5,117.29,109.345,46674697
2015-11-19,117.64,119.75,116.76,118.78,110.734,43295820
2015-11-20,119.2,119.92,118.85,119.3,111.219,34287096
2015-11-23,119.27,119.73,117.34,117.75,109.774,32482528
2015-11-24,117.33,119.35,117.12,118.88,110.827,42795771
2015-11-25,119.21,119.23,117.92,118.03,110.035,21388308
2015-11-27,118.29,118.41,117.6,117.81,109.829,13046445
2015-11-30,117.99,119.41,117.75,118.3,110.286,39180322
2015-12-01,118.75,118.81,116.86,117.34,109.391,34852374
2015-12-02,117.05,118.11,116.08,116.28,108.403,33372909
2015-12-03,116.55,116.79,114.22,115.2,107.396,41569509
2015-12-04,115.29,119.25,115.11,119.03,110.967,57717870
2015-12-07,118.98,119.86,117.81,118.28,110.268,32063100
2015-12-08,117.52,118.6,116.86,118.23,110.221,34275420
2015-12-09,117.64,117.69,115.08,115.62,107.788,46301930
2015-12-10,116.04,116.94,115.51,116.17,108.301,29158640
2015-12-11,115.19,115.39,112.851,113.18,105.513,46810020
2015-12-14,112.18,112.68,109.79,112.48,104.861,64678220
2015-12-15,111.94,112.8,110.35,110.49,103.005,53168580
2015-12-16,111.07,111.99,108.8,111.34,103.798,56157370
2015-12-17,112.02,112.25,108.98,108.98,101.598,44654830
2015-12-18,108.91,109.52,105.81,106.03,98.847,96197190
2015-12-21,107.28,107.37,105.57,107.33,100.06,47507230
2015-12-22,107.4,107.72,106.451,107.23,99.966,32728460
2015-12-23,107.27,108.85,107.2,108.61,101.253,32657354
2015-12-24,109,109,107.95,108.03,100.712,13596680
2015-12-28,107.59,107.69,106.181,106.82,99.584,26639930
2015-12-29,106.96,109.43,106.86,108.74,101.374,30912260
2015-12-30,108.58,108.7,107.18,107.32,100.05,25184090
2015-12-31,107.01,107.03,104.82,105.26,98.13,40885480
2016-01-04,102.61,105.368,102,105.35,98.214,67569090
2016-01-05,105.75,105.85,102.41,102.71,95.752,55583140
2016-01-06,100.56,102.37,99.87,100.7,93.879,68384270
2016-01-07,98.68,100.13,96.43,96.45,89.916,80742460
2016-01-08,98.55,99.11,96.76,96.96,90.392,70722000
2016-01-11,98.97,99.06,97.34,98.53,91.856,49687870
2016-01-12,100.55,100.69,98.84,99.96,93.189,49046150
2016-01-13,100.32,101.19,97.3,97.39,90.793,62285770
2016-01-14,97.96,100.48,95.74,99.52,92.778,63000140
2016-01-15,96.2,97.71,95.36,97.13,90.55,79356010
2016-01-19,98.41,98.65,95.5,96.66,90.112,52960810
2016-01-20,95.1,98.19,93.42,96.79,90.233,72274300
2016-01-21,97.06,97.88,94.94,96.3,89.777,52099200
2016-01-22,98.63,101.46,98.37,101.42,94.55,65648660
2016-01-25,101.52,101.53,99.21,99.44,92.704,51529980
2016-01-26,99.93,100.88,98.07,99.99,93.217,71937310
2016-01-27,96.04,96.629,93.34,93.42,87.092,133059000
2016-01-28,93.79,94.52,92.39,94.09,87.716,55622370
2016-01-29,94.79,97.34,94.35,97.34,90.746,64332440
2016-02-01,96.47,96.71,95.4,96.43,89.898,40814360
2016-02-02,95.42,96.04,94.28,94.48,88.08,37190500
2016-02-03,95,96.84,94.08,96.35,89.823,45870130
2016-02-04,95.86,97.33,95.19,96.6,90.545,46418230
2016-02-05,96.52,96.92,93.69,94.02,88.127,46315620
2016-02-08,93.13,95.7,93.04,95.01,89.055,53920550
2016-02-09,94.29,95.94,93.93,94.99,89.036,44282560
2016-02-10,95.92,96.35,94.1,94.27,88.361,42288790
2016-02-11,93.79,94.72,92.59,93.7,87.827,49979700
2016-02-12,94.19,94.5,93.01,93.99,88.099,40323020
2016-02-16,95.02,96.85,94.61,96.64,90.582,48032600
2016-02-17,96.67,98.21,96.15,98.12,91.97,44811800
2016-02-18,98.84,98.89,96.091,96.26,90.226,38866100
2016-02-19,96,96.76,95.8,96.04,90.02,35290570
2016-02-22,96.31,96.9,95.92,96.88,90.807,34240470
2016-02-23,96.4,96.5,94.55,94.69,88.755,31851180
2016-02-24,93.98,96.38,93.32,96.1,90.076,36192150
2016-02-25,96.05,96.76,95.25,96.76,90.695,27526040
2016-02-26,97.2,98.024,96.58,96.91,90.835,28949760
2016-02-29,96.86,98.23,96.65,96.69,90.629,35131460
2016-03-01,97.65,100.77,97.42,100.53,94.229,50303500
2016-03-02,100.51,100.89,99.64,100.75,94.435,33136130
2016-03-03,100.58,101.71,100.45,101.5,95.138,36884490
2016-03-04,102.37,103.75,101.37,103.01,96.553,46026600
2016-03-07,102.39,102.83,100.96,101.87,95.485,35890740
2016-03-08,100.78,101.76,100.4,101.03,94.697,31538710
2016-03-09,101.31,101.58,100.27,101.12,94.782,27148530
2016-03-10,101.41,102.24,100.15,101.17,94.829,33490630
2016-03-11,102.24,102.28,101.5,102.26,95.85,27408237
2016-03-14,101.91,102.91,101.78,102.52,96.094,25058280
2016-03-15,103.96,105.18,103.85,104.58,98.025,40026250
2016-03-16,104.61,106.31,104.59,105.97,99.328,38236730
2016-03-17,105.52,106.47,104.96,105.8,99.168,34394830
2016-03-18,106.34,106.5,105.19,105.92,99.281,43607120
2016-03-21,105.93,107.65,105.14,105.91,99.271,35454230
2016-03-22,105.25,107.29,105.21,106.72,100.031,32345430
2016-03-23,106.48,107.07,105.9,106.13,99.478,25686350
2016-03-24,105.47,106.25,104.89,105.67,99.046,25568350
2016-03-28,106,106.19,105.06,105.19,98.597,19303557
2016-03-29,104.89,107.79,104.88,107.68,100.93,30774115
2016-03-30,108.65,110.42,108.6,109.56,102.693,45159861
2016-03-31,109.72,109.9,108.88,108.99,102.158,25685672
2016-04-01,108.78,110,108.2,109.99,103.096,25626163
2016-04-04,110.42,112.19,110.27,111.12,104.155,37356204
2016-04-05,109.51,110.73,109.42,109.81,102.927,26572347
2016-04-06,110.23,110.98,109.2,110.96,104.005,26397698
2016-04-07,109.95,110.42,108.121,108.54,101.737,31801870
2016-04-08,108.91,109.77,108.17,108.66,101.849,23565670
2016-04-11,108.97,110.61,108.83,109.02,102.186,29388487
2016-04-12,109.34,110.5,108.66,110.44,103.517,27214777
2016-04-13,110.8,112.34,110.8,112.04,105.017,33248644
2016-04-14,111.62,112.39,111.33,112.1,105.073,25471488
2016-04-15,112.11,112.3,109.73,109.85,102.964,46922288
2016-04-18,108.89,108.95,106.94,107.48,100.743,60816411
2016-04-19,107.88,108,106.23,106.91,100.209,32379266
2016-04-20,106.64,108.09,106.06,107.13,100.415,30611030
2016-04-21,106.93,106.93,105.52,105.97,99.328,31533118
2016-04-22,105.01,106.48,104.62,105.68,99.056,33682371
2016-04-25,105,105.65,104.51,105.08,98.493,28022448
2016-04-26,103.91,105.3,103.91,104.35,97.809,52979780
2016-04-27,96,98.71,95.68,97.82,91.689,114592392
2016-04-28,97.61,97.88,94.25,94.83,88.886,82242685
2016-04-29,93.99,94.72,92.51,93.74,87.864,68528853
2016-05-02,93.965,94.08,92.4,93.64,87.77,48146310
2016-05-03,94.2,95.74,93.68,95.18,89.214,56827578
2016-05-04,95.2,95.9,93.82,94.19,88.286,41023334
2016-05-05,94,94.07,92.68,93.24,87.928,35883078
2016-05-06,93.37,93.45,91.85,92.72,87.437,43694121
2016-05-09,93,93.77,92.59,92.79,87.503,32936436
2016-05-10,93.33,93.57,92.11,93.42,88.097,33686836
2016-05-11,93.48,93.57,92.46,92.51,87.239,28719109
2016-05-12,92.72,92.78,89.47,90.34,85.193,76314690
2016-05-13,90,91.67,90,90.52,85.363,44392765
2016-05-16,92.39,94.39,91.65,93.88,88.531,61253170
2016-05-17,94.55,94.7,93.01,93.49,88.163,46907330
2016-05-18,94.16,95.21,93.89,94.56,89.172,42060891
2016-05-19,94.64,94.64,93.57,94.2,88.833,30439812
2016-05-20,94.64,95.43,94.52,95.22,89.795,32021834
2016-05-23,95.87,97.19,95.67,96.43,90.936,38018643
2016-05-24,97.22,98.09,96.84,97.9,92.322,35129568
2016-05-25,98.67,99.74,98.11,99.62,93.944,38642108
2016-05-26,99.68,100.73,98.64,100.41,94.689,56331159
2016-05-27,99.44,100.47,99.245,100.35,94.633,36341240
2016-05-31,99.6,100.4,98.82,99.86,94.171,42268040
2016-06-01,99.02,99.54,98.33,98.46,92.85,29169465
2016-06-02,97.6,97.84,96.63,97.72,92.152,40189094
2016-06-03,97.79,98.27,97.45,97.92,92.341,28504888
2016-06-06,97.99,101.89,97.55,98.63,93.011,23291470
2016-06-07,99.25,99.87,98.96,99.03,93.388,22402694
2016-06-08,99.02,99.56,98.68,98.94,93.303,20836663
2016-06-09,98.5,99.99,98.46,99.65,93.972,26601354
2016-06-10,98.53,99.346,98.48,98.83,93.199,31712936
2016-06-13,98.69,99.12,97.1,97.34,91.794,38013077
2016-06-14,97.32,98.475,96.75,97.46,91.907,31927775
2016-06-15,97.82,98.41,97.03,97.14,91.606,29373050
2016-06-16,96.45,97.75,96.07,97.55,91.992,31313085
2016-06-17,96.62,96.65,95.3,95.33,89.899,60992551
2016-06-20,96,96.57,95.03,95.1,89.682,34411901
2016-06-21,94.94,96.35,94.676,95.91,90.446,35537819
2016-06-22,96.25,96.89,95.35,95.55,90.106,29219122
2016-06-23,95.94,96.29,95.25,96.1,90.625,32236127
2016-06-24,92.91,94.655,92.65,93.4,88.079,75311356
2016-06-27,93,93.05,91.5,92.04,86.796,46616293
2016-06-28,92.9,93.66,92.14,93.59,88.258,40387960
2016-06-29,93.97,94.55,93.63,94.4,89.022,36526424
2016-06-30,94.44,95.77,94.3,95.6,90.153,35833256
2016-07-01,95.49,96.465,95.33,95.89,90.427,26026540
2016-07-05,95.39,95.4,94.46,94.99,89.578,27696495
2016-07-06,94.6,95.66,94.37,95.53,90.087,30945605
2016-07-07,95.7,96.5,95.62,95.94,90.474,25135709
2016-07-08,96.49,96.89,96.05,96.68,91.172,28910825
2016-07-11,96.75,97.65,96.73,96.98,91.455,23792205
2016-07-12,97.17,97.7,97.12,97.42,91.87,24165818
2016-07-13,97.41,97.67,96.84,96.87,91.351,25888776
2016-07-14,97.39,98.99,97.32,98.79,93.162,38885980
2016-07-15,98.92,99.3,98.5,98.78,93.152,30031410
2016-07-18,98.7,100.13,98.6,99.83,94.142,36492781
2016-07-19,99.56,100,99.34,99.87,94.18,23775703
2016-07-20,100,100.46,99.735,99.96,94.265,26271986
2016-07-21,99.83,101,99.13,99.43,93.765,32700043
2016-07-22,99.26,99.3,98.31,98.66,93.039,28218240
2016-07-25,98.25,98.84,96.92,97.34,91.794,40349074
2016-07-26,96.82,97.97,96.42,96.67,91.162,56239822
2016-07-27,104.265,104.35,102.75,102.95,97.085,92319946
2016-07-28,102.83,104.45,102.82,104.34,98.395,39853098
2016-07-29,104.19,104.55,103.68,104.21,98.273,27697970
2016-08-01,104.41,106.15,104.41,106.05,100.008,38150962
2016-08-02,106.05,106.07,104,104.48,98.527,33813836
2016-08-03,104.81,105.84,104.77,105.79,99.763,30188530
2016-08-04,105.58,106,105.28,105.87,100.379,27400537
2016-08-05,106.27,107.65,106.18,107.48,101.905,40537974
2016-08-08,107.52,108.37,107.16,108.37,102.749,28034320
2016-08-09,108.23,108.94,108.01,108.81,103.166,26315204
2016-08-10,108.71,108.9,107.76,108,102.398,24005527
2016-08-11,108.52,108.93,107.85,107.93,102.332,27484506
2016-08-12,107.78,108.44,107.78,108.18,102.569,18648700
2016-08-15,108.14,109.54,108.08,109.48,103.802,25850904
2016-08-16,109.63,110.23,109.21,109.38,103.707,33787467
2016-08-17,109.1,109.37,108.34,109.22,103.555,25355545
2016-08-18,109.23,109.6,109.02,109.08,103.422,21982525
2016-08-19,108.77,109.69,108.36,109.36,103.688,25365466
2016-08-22,108.86,109.1,107.85,108.51,102.882,25811542
2016-08-23,108.59,109.32,108.53,108.85,103.204,21255958
2016-08-24,108.565,108.75,107.68,108.03,102.427,23672339
2016-08-25,107.39,107.88,106.68,107.57,101.991,25083976
2016-08-26,107.41,107.95,106.31,106.94,101.393,27744300
2016-08-29,106.62,107.44,106.29,106.82,101.28,24967711
2016-08-30,105.8,106.5,105.5,106,100.502,24861870
2016-08-31,105.66,106.57,105.64,106.1,100.597,29657960
2016-09-01,106.14,106.8,105.62,106.73,101.194,26696086
2016-09-02,107.7,108,106.82,107.73,102.142,26801179
2016-09-06,107.9,108.3,107.51,107.7,102.114,26859997
2016-09-07,107.83,108.76,107.07,108.36,102.74,42349714
2016-09-08,107.25,107.27,105.24,105.52,100.047,52993276
2016-09-09,104.64,105.72,103.13,103.13,97.781,46540760
2016-09-12,102.65,105.72,102.53,105.44,99.971,45275708
2016-09-13,107.51,108.79,107.24,107.95,102.351,62164333
2016-09-14,108.73,113.03,108.6,111.77,105.973,112330729
2016-09-15,113.86,115.73,113.49,115.57,109.576,90589983
2016-09-16,115.12,116.13,114.04,114.92,108.96,79867671
2016-09-19,115.19,116.18,113.25,113.58,107.689,47010047
2016-09-20,113.05,114.12,112.51,113.57,107.68,34511895
2016-09-21,113.85,113.989,112.441,113.55,107.661,35994796
2016-09-22,114.35,114.94,114,114.62,108.675,31062238
2016-09-23,114.42,114.79,111.55,112.71,106.864,52411070
2016-09-26,111.64,113.39,111.55,112.88,107.025,29860497
2016-09-27,113,113.18,112.34,113.09,107.225,24605089
2016-09-28,113.69,114.64,113.43,113.95,108.04,29631284
2016-09-29,113.16,113.8,111.8,112.18,106.362,35882266
2016-09-30,112.46,113.37,111.8,113.05,107.186,36340670
2016-10-03,112.71,113.05,112.28,112.52,106.684,21634520
2016-10-04,113.06,114.31,112.63,113,107.139,29707270
2016-10-05,113.4,113.66,112.69,113.05,107.186,21446732
2016-10-06,113.7,114.34,113.13,113.89,107.983,28776523
2016-10-07,114.31,114.56,113.51,114.06,108.144,24351972
2016-10-10,115.02,116.75,114.72,116.05,110.031,36212506
2016-10-11,117.7,118.69,116.2,116.3,110.268,64026065
2016-10-12,117.35,117.98,116.75,117.34,111.254,37586787
2016-10-13,116.79,117.44,115.72,116.98,110.913,35149382
2016-10-14,117.88,118.17,117.13,117.63,111.529,35652191
2016-10-17,117.33,117.84,116.78,117.55,111.453,23624896
2016-10-18,118.18,118.21,117.45,117.47,111.377,24545996
2016-10-19,117.25,117.76,113.8,117.12,111.046,20023710
2016-10-20,116.86,117.38,116.33,117.06,110.989,24119125
2016-10-21,116.81,116.91,116.28,116.6,110.552,23187602
2016-10-24,117.1,117.74,117,117.65,111.548,23528394
2016-10-25,117.95,118.36,117.31,118.25,112.117,48051443
2016-10-26,114.31,115.7,113.31,115.59,109.595,66131101
2016-10-27,115.39,115.86,114.1,114.48,108.542,34555001
2016-10-28,113.87,115.21,113.45,113.72,107.822,37861662
2016-10-31,113.65,114.23,113.2,113.54,107.651,26414229
2016-11-01,113.46,113.77,110.53,111.49,105.707,43818204
2016-11-02,111.4,112.35,111.23,111.59,105.802,28309795
2016-11-03,110.98,111.46,109.55,109.83,104.668,26925616
2016-11-04,108.53,110.25,108.11,108.84,103.725,30828910
2016-11-07,110.08,110.51,109.46,110.41,105.221,32547819
2016-11-08,110.31,111.72,109.7,111.06,105.84,24150593
2016-11-09,109.88,111.32,108.05,110.88,105.669,59170783
2016-11-10,111.09,111.09,105.83,107.79,102.724,57127535
2016-11-11,107.12,108.87,106.55,108.43,103.334,34136314
2016-11-14,107.71,107.809,104.08,105.71,100.742,50972633
2016-11-15,106.57,107.68,106.159,107.11,102.076,32230590
2016-11-16,106.7,110.23,106.6,109.99,104.821,58724080
2016-11-17,109.81,110.35,108.83,109.95,104.783,27623150
2016-11-18,109.72,110.54,109.66,110.06,104.887,28310840
2016-11-21,110.12,111.99,110.01,111.73,106.479,29164190
2016-11-22,111.95,112.42,111.4,111.8,106.546,25931710
2016-11-23,111.36,111.51,110.33,111.23,106.002,27420550
2016-11-25,111.13,111.87,110.95,111.79,106.536,11475920
2016-11-28,111.43,112.465,111.39,111.57,106.326,27054320
2016-11-29,110.78,112.03,110.07,111.46,106.222,28507780
2016-11-30,111.6,112.2,110.27,110.52,105.326,36151450
2016-12-01,110.365,110.94,109.03,109.49,104.344,37034520
2016-12-02,109.17,110.09,108.85,109.9,104.735,26523301
2016-12-05,110,110.03,108.25,109.11,103.982,34113880
2016-12-06,109.5,110.36,109.19,109.95,104.783,26160560
2016-12-07,109.26,111.19,109.16,111.03,105.812,29976030
2016-12-08,110.86,112.43,110.6,112.12,106.851,27049830
2016-12-09,112.31,114.7,112.31,113.95,108.595,34391996
2016-12-12,113.29,115,112.49,113.3,107.975,26176690
2016-12-13,113.84,115.92,113.75,115.19,109.776,43716464
2016-12-14,115.04,116.2,114.98,115.19,109.776,33962370
2016-12-15,115.38,116.73,115.23,115.82,110.377,46286150
2016-12-16,116.47,116.5,115.645,115.97,110.52,44284660
2016-12-19,115.8,117.38,115.75,116.64,111.158,27756760
2016-12-20,116.74,117.5,116.68,116.95,111.454,21337310
2016-12-21,116.8,117.4,116.78,117.06,111.558,23724430
2016-12-22,116.35,116.51,115.64,116.29,110.825,26043820
2016-12-23,115.59,116.52,115.59,116.52,111.044,14244050
2016-12-27,116.52,117.8,116.49,117.26,111.749,18131970
2016-12-28,117.52,118.017,116.2,116.76,111.272,20686510
2016-12-29,116.45,117.109,116.4,116.73,111.244,14979680
2016-12-30,116.65,117.2,115.43,115.82,110.377,30555900
2017-01-03,115.8,116.33,114.76,116.15,110.691,28769220
2017-01-04,115.85,116.51,115.75,116.02,110.567,21081620
2017-01-05,115.92,116.864,115.81,116.61,111.129,22115100
2017-01-06,116.78,118.16,116.47,117.91,112.368,31714820
2017-01-09,117.95,119.43,117.94,118.99,113.398,33420290
2017-01-10,118.77,119.38,118.3,119.11,113.512,24432660
2017-01-11,118.74,119.93,118.6,119.75,114.122,27453130
2017-01-12,118.895,119.3,118.21,119.25,113.645,27057550
2017-01-13,119.11,119.62,118.81,119.04,113.445,26083030
2017-01-17,118.34,120.24,118.22,120,114.36,34412090
2017-01-18,120,120.5,119.71,119.99,114.351,23687350
2017-01-19,119.4,120.09,119.37,119.78,114.151,25554290
2017-01-20,120.45,120.45,119.735,120,114.36,30499681
2017-01-23,120,120.81,119.77,120.08,114.436,21982000
2017-01-24,119.55,120.1,119.5,119.97,114.332,23191150
2017-01-25,120.42,122.1,120.28,121.88,116.152,32417410
2017-01-26,121.67,122.44,121.6,121.94,116.209,26320740
2017-01-27,122.14,122.35,121.6,121.95,116.219,20495340
2017-01-30,120.93,121.63,120.66,121.63,115.914,30327110
2017-01-31,121.15,121.39,120.62,121.35,115.647,47767760
2017-02-01,127.03,130.49,127.01,128.75,122.699,111837300
2017-02-02,127.975,129.39,127.78,128.53,122.489,33671250
2017-02-03,128.31,129.19,128.16,129.08,123.013,24460160
2017-02-06,129.13,130.5,128.9,130.29,124.167,26784530
2017-02-07,130.54,132.09,130.45,131.53,125.348,38158410
2017-02-08,131.35,132.22,131.22,132.04,125.834,22941650
2017-02-09,131.65,132.445,131.12,132.42,126.744,28321440
2017-02-10,132.46,132.94,132.05,132.12,126.457,20046250
2017-02-13,133.08,133.82,132.75,133.29,127.576,22989980
2017-02-14,133.47,135.09,133.25,135.02,129.232,33054500
2017-02-15,135.52,136.27,134.62,135.51,129.701,35578640
2017-02-16,135.67,135.9,134.84,135.345,129.543,22539860
2017-02-17,135.1,135.83,135.1,135.72,129.902,22163280
2017-02-21,136.23,136.75,135.98,136.7,130.84,24487200
2017-02-22,136.43,137.12,136.11,137.11,131.233,20769030
2017-02-23,137.38,137.48,136.3,136.53,130.678,20762360
2017-02-24,135.91,136.66,135.28,136.66,130.802,21769855
2017-02-27,137.14,137.435,136.28,136.93,131.06,20222210
2017-02-28,137.08,137.435,136.7,136.99,131.118,23446340
2017-03-01,137.89,140.15,137.595,139.79,133.798,36362440
2017-03-02,140,140.279,138.76,138.96,133.003,26170690
2017-03-03,138.78,139.83,138.59,139.78,133.788,21555370
2017-03-06,139.365,139.77,138.596,139.34,133.367,21229890
2017-03-07,139.06,139.98,138.79,139.52,133.539,17439210
2017-03-08,138.95,139.8,138.82,139,133.042,18695500
2017-03-09,138.74,138.79,137.05,138.68,132.735,22117750
2017-03-10,139.25,139.357,138.64,139.14,133.176,19578920
2017-03-13,138.85,139.43,138.82,139.2,133.233,17048800
2017-03-14,139.3,139.65,138.84,138.99,133.032,15281850
2017-03-15,139.41,140.75,139.025,140.46,134.439,25676720
2017-03-16,140.72,141.02,140.26,140.69,134.659,19173780
2017-03-17,141,141,139.89,139.99,133.989,43700570
2017-03-20,140.4,141.5,140.23,141.46,135.396,21258100
2017-03-21,142.11,142.8,139.73,139.84,133.846,39461130
2017-03-22,139.845,141.6,139.76,141.42,135.358,25804820
2017-03-23,141.26,141.584,140.61,140.92,134.879,20299310
2017-03-24,141.5,141.74,140.35,140.64,134.611,22355140
2017-03-27,139.39,141.22,138.62,140.88,134.841,23531670
2017-03-28,140.91,144.04,140.62,143.8,137.636,33348400
2017-03-29,143.68,144.49,143.19,144.12,137.942,29174040
2017-03-30,144.19,144.5,143.5,143.93,137.76,21189000
2017-03-31,143.72,144.27,143.01,143.66,137.502,19576480
2017-04-03,143.71,144.12,143.05,143.7,137.54,19970040
2017-04-04,143.25,144.89,143.17,144.77,138.564,19865300
2017-04-05,144.22,145.46,143.81,144.02,137.846,27649500
2017-04-06,144.29,144.52,143.45,143.66,137.502,21131040
2017-04-07,143.73,144.18,143.27,143.34,137.196,16658660
2017-04-10,143.6,143.879,142.9,143.17,137.033,18904680
2017-04-11,142.94,143.35,140.06,141.63,135.559,30341520
2017-04-12,141.6,142.15,141.01,141.8,135.722,20320420
2017-04-13,141.91,142.38,141.05,141.05,135.004,17775510
2017-04-17,141.48,141.88,140.87,141.83,135.75,16529130
2017-04-18,141.41,142.04,141.11,141.2,135.147,14676420
2017-04-19,141.88,142,140.45,140.68,134.65,17302160
2017-04-20,141.22,142.92,141.16,142.44,136.334,23294040
2017-04-21,142.44,142.68,141.85,142.27,136.171,17290900
2017-04-24,143.5,143.95,143.18,143.64,137.483,17117710
2017-04-25,143.91,144.9,143.87,144.53,138.334,18325720
2017-04-26,144.47,144.6,143.376,143.68,137.521,19998050
2017-04-27,143.923,144.16,143.31,143.79,137.626,14198660
2017-04-28,144.09,144.3,143.27,143.65,137.492,20783460
2017-05-01,145.1,147.2,144.96,146.58,140.297,33498270
2017-05-02,147.54,148.09,146.84,147.51,141.187,44182930
2017-05-03,145.59,147.49,144.27,147.06,140.756,45579740
2017-05-04,146.52,147.14,145.81,146.53,140.249,23345970
2017-05-05,146.76,148.98,146.76,148.96,142.575,27254850
2017-05-08,149.03,153.7,149.03,153.01,146.451,48670440
2017-05-09,153.87,154.88,153.45,153.99,147.389,38907940
2017-05-10,153.63,153.94,152.11,153.26,146.69,25779060
2017-05-11,152.45,154.07,152.31,153.95,147.959,27236290
2017-05-12,154.7,156.42,154.67,156.1,150.025,32493770
2017-05-15,156.01,156.65,155.05,155.7,149.641,25912270
2017-05-16,155.94,156.06,154.72,155.47,149.42,19994270
2017-05-17,153.6,154.57,149.71,150.25,144.403,50674280
2017-05-18,151.27,153.34,151.13,152.54,146.604,33520150
2017-05-19,153.38,153.98,152.63,153.06,147.104,26892850
2017-05-22,154,154.58,152.91,153.99,147.997,22930630
2017-05-23,154.9,154.9,153.31,153.8,147.815,19906170
2017-05-24,153.84,154.17,152.67,153.34,147.373,19201820
2017-05-25,153.73,154.35,153.03,153.87,147.882,19217810
2017-05-26,154,154.24,153.31,153.61,147.632,21895020
2017-05-30,153.42,154.43,153.33,153.67,147.69,20118620
2017-05-31,153.97,154.17,152.38,152.76,146.815,24452750
2017-06-01,153.17,153.33,152.22,153.18,147.219,16383610
2017-06-02,153.58,155.45,152.89,155.45,149.401,27715140
2017-06-05,154.34,154.45,153.46,153.93,147.94,25277680
2017-06-06,153.9,155.81,153.78,154.45,148.44,26591850
2017-06-07,155.02,155.98,154.48,155.37,149.324,21017560
2017-06-08,155.25,155.54,154.4,154.99,148.958,21144040
2017-06-09,155.19,155.19,146.02,148.98,143.182,64782910
2017-06-12,145.74,146.09,142.51,145.42,139.761,72187710
2017-06-13,147.16,147.45,145.15,146.59,140.885,34089190
2017-06-14,147.5,147.5,143.84,145.16,139.511,31454590
2017-06-15,143.32,144.48,142.21,144.29,138.675,31642900
2017-06-16,143.78,144.5,142.2,142.27,136.733,50264540
2017-06-19,143.66,146.74,143.66,146.34,140.645,32203640
2017-06-20,146.87,146.87,144.94,145.01,139.367,24877950
2017-06-21,145.52,146.069,144.61,145.87,140.193,21247590
2017-06-22,145.77,146.7,145.12,145.63,139.963,19082170
2017-06-23,145.13,147.16,145.11,146.28,140.587,35421310
2017-06-26,147.17,148.28,145.38,145.82,140.145,25674500
2017-06-27,145.01,146.16,143.62,143.73,138.137,24725210
2017-06-28,144.49,146.11,143.16,145.83,140.155,22052920
2017-06-29,144.71,145.13,142.28,143.68,138.089,31450520
2017-06-30,144.45,144.96,143.78,144.02,138.415,22986960
2017-07-03,144.88,145.3,143.1,143.5,137.916,14277850
2017-07-05,143.69,144.79,142.724,144.09,138.483,21550270
2017-07-06,143.02,143.5,142.41,142.73,137.176,24110330
2017-07-07,142.9,144.75,142.9,144.18,138.569,18527000
2017-07-10,144.11,145.95,143.37,145.06,139.415,21080580
2017-07-11,144.73,145.85,144.38,145.53,139.867,18647220
2017-07-12,145.87,146.18,144.82,145.74,140.069,24833800
2017-07-13,145.5,148.49,145.44,147.77,142.019,25080500
2017-07-14,147.97,149.33,147.33,149.04,143.24,20117070
2017-07-17,148.82,150.9,148.57,149.56,143.74,23765710
2017-07-18,149.2,150.13,148.67,150.08,144.24,17837130
2017-07-19,150.48,151.42,149.95,151.02,145.143,20859830
2017-07-20,151.5,151.74,150.19,150.34,144.489,17170490
2017-07-21,149.99,150.44,148.88,150.27,144.422,25111310
2017-07-24,150.58,152.44,149.9,152.09,146.171,21466370
2017-07-25,151.8,153.84,151.8,152.74,146.796,18798250
2017-07-26,153.35,153.93,153.06,153.46,147.488,15649120
2017-07-27,153.75,153.99,147.3,150.56,144.701,32429770
2017-07-28,149.89,150.23,149.19,149.5,143.682,17192770
2017-07-31,149.9,150.33,148.13,148.73,142.942,19690420
2017-08-01,149.1,150.22,148.41,150.05,144.211,33669020
2017-08-02,159.28,159.75,156.16,157.14,151.025,69726440
2017-08-03,157.05,157.21,155.02,155.57,149.516,26604140
2017-08-04,156.07,157.4,155.69,156.39,150.304,20514810
2017-08-07,157.06,158.92,156.67,158.81,152.63,21827400
2017-08-08,158.6,161.83,158.27,160.08,153.85,36127490
2017-08-09,159.26,161.27,159.11,161.06,154.792,26060430
2017-08-10,159.9,160,154.63,155.32,149.862,39636190
2017-08-11,156.6,158.573,156.07,157.48,151.946,26208970
2017-08-14,159.32,160.21,158.75,159.85,154.233,22074760
2017-08-15,160.66,162.195,160.14,161.6,155.921,29377630
2017-08-16,161.94,162.51,160.15,160.95,155.294,27607370
2017-08-17,160.52,160.71,157.84,157.86,152.313,27377960
2017-08-18,157.86,159.5,156.72,157.5,151.965,27391950
2017-08-21,157.5,157.89,155.11,157.21,151.685,26330070
2017-08-22,158.23,160,158.02,159.78,154.165,21564890
2017-08-23,159.07,160.47,158.88,159.98,154.358,19376940
2017-08-24,160.43,160.74,158.55,159.27,153.673,19782170
2017-08-25,159.65,160.56,159.27,159.86,154.242,25184600
2017-08-28,160.14,162,159.93,161.47,155.796,25649890
2017-08-29,160.1,163.12,160,162.91,157.185,29516910
2017-08-30,163.8,163.89,162.61,163.35,157.61,27215770
2017-08-31,163.64,164.52,163.48,164,158.237,26729940
2017-09-01,164.8,164.94,163.63,164.05,158.285,16564340
2017-09-05,163.75,164.25,160.56,162.08,156.384,29491910
2017-09-06,162.71,162.99,160.52,161.91,156.22,21610300
2017-09-07,162.09,162.24,160.36,161.26,155.593,21905160
2017-09-08,160.86,161.15,158.53,158.63,153.055,28411740
2017-09-11,160.5,162.05,159.89,161.5,155.825,31506890
2017-09-12,162.61,163.96,158.77,160.86,155.207,71574560
2017-09-13,159.87,159.96,157.91,159.65,154.04,44866280
2017-09-14,158.99,159.4,158.09,158.28,152.718,23637310
2017-09-15,158.47,160.97,158,159.88,154.262,48846060
2017-09-18,160.11,160.5,157.995,158.67,153.094,28157630
2017-09-19,159.51,159.77,158.44,158.73,153.152,20565620
2017-09-20,157.9,158.26,153.83,156.07,150.585,52126240
2017-09-21,155.8,155.8,152.75,153.39,148,37350060
2017-09-22,152.02,152.27,150.56,151.89,146.552,46575410
2017-09-25,149.99,151.83,149.16,150.55,145.26,44366140
2017-09-26,151.78,153.92,151.69,153.14,147.758,35907770
2017-09-27,153.8,154.719,153.54,154.23,148.81,25402270
2017-09-28,153.89,154.28,152.7,153.28,147.893,21983410
2017-09-29,153.21,154.13,152,154.12,148.704,26204670
2017-10-02,154.26,154.45,152.72,153.81,148.405,18631540
2017-10-03,154.01,155.09,153.91,154.48,149.051,16216800
2017-10-04,153.63,153.86,152.46,153.48,148.087,20088940
2017-10-05,154.18,155.44,154.05,155.39,149.929,21215870
2017-10-06,154.97,155.49,154.56,155.3,149.843,17223790
2017-10-09,155.81,156.73,155.485,155.84,150.364,16243080
2017-10-10,156.055,158,155.1,155.9,150.421,15603520
2017-10-11,155.97,156.98,155.75,156.55,151.049,16861450
2017-10-12,156.35,157.37,155.73,156,150.518,16380570
2017-10-13,156.73,157.28,156.41,156.99,151.473,16367780
2017-10-16,157.9,160,157.65,159.88,154.262,24093300
2017-10-17,159.78,160.87,159.23,160.47,154.831,18969700
2017-10-18,160.42,160.71,159.6,159.76,154.146,16252850
2017-10-19,156.75,157.08,155.02,155.98,150.499,42357420
2017-10-20,156.61,157.75,155.96,156.25,150.759,23907540
2017-10-23,156.89,157.69,155.5,156.17,150.682,21888930
2017-10-24,156.29,157.42,156.2,157.1,151.579,17633730
2017-10-25,156.91,157.55,155.27,156.41,150.913,21175670
2017-10-26,157.23,157.829,156.78,157.41,151.878,16916650
2017-10-27,159.29,163.6,158.7,163.05,157.32,44387770
2017-10-30,163.89,168.07,163.72,166.72,160.861,44651420
2017-10-31,167.9,169.65,166.94,169.04,163.1,35779520
2017-11-01,169.87,169.94,165.61,166.89,161.025,33482970
2017-11-02,167.64,168.5,165.28,168.11,162.202,39668100
2017-11-03,174,174.26,171.12,172.5,166.438,59332210
2017-11-06,172.365,174.99,171.72,174.25,168.127,34770480
2017-11-07,173.91,175.25,173.6,174.81,168.667,24332120
2017-11-08,174.66,176.24,174.33,176.24,170.047,24358920
2017-11-09,175.11,176.095,173.14,175.88,169.699,29422610
2017-11-10,175.11,175.38,174.27,174.67,169.138,25129510
2017-11-13,173.5,174.5,173.4,173.97,168.46,16956290
2017-11-14,173.04,173.48,171.18,171.34,165.913,24683350
2017-11-15,169.97,170.32,168.38,169.08,163.725,28998220
2017-11-16,171.18,171.87,170.3,171.1,165.681,23598650
2017-11-17,171.04,171.39,169.64,170.15,164.761,21884010
2017-11-20,170.29,170.56,169.56,169.98,164.596,16041550
2017-11-21,170.78,173.7,170.78,173.14,167.656,25047130
2017-11-22,173.36,175,173.05,174.96,169.418,25558680
2017-11-24,175.1,175.5,174.646,174.97,169.428,14026670
2017-11-27,175.05,175.08,173.34,174.09,168.576,20591090
2017-11-28,174.3,174.87,171.86,173.07,167.588,26387240
2017-11-29,172.63,172.92,167.16,169.48,164.112,41459120
2017-11-30,170.43,172.14,168.44,171.85,166.407,41484540
2017-12-01,169.95,171.67,168.5,171.05,165.632,39735110
2017-12-04,172.48,172.62,169.63,169.8,164.422,32512580
2017-12-05,169.06,171.52,168.4,169.64,164.267,27315530
2017-12-06,167.5,170.205,166.46,169.01,163.657,28397810
2017-12-07,169.03,170.44,168.91,169.32,163.957,25656110
2017-12-08,170.49,171,168.82,169.37,164.006,23285760
2017-12-11,169.2,172.89,168.79,172.67,167.201,34260890
2017-12-12,172.15,172.39,171.461,171.7,166.262,19088170
2017-12-13,172.5,173.54,172,172.27,166.814,23402510
2017-12-14,172.4,173.13,171.65,172.22,166.765,20442740
2017-12-15,173.63,174.17,172.46,173.97,168.46,40122100
2017-12-18,174.88,177.2,174.86,176.42,170.832,29385650
2017-12-19,175.03,175.39,174.09,174.54,169.012,27393660
2017-12-20,174.87,175.42,173.25,174.35,168.828,23451420
2017-12-21,174.17,176.02,174.1,175.01,169.467,20848660
2017-12-22,174.68,175.424,174.5,175.01,169.467,16339690
2017-12-26,170.8,171.47,169.679,170.57,165.167,33113340
2017-12-27,170.1,170.78,169.71,170.6,165.197,21477380
2017-12-28,171,171.85,170.48,171.08,165.661,16412270
2017-12-29,170.52,170.59,169.22,169.23,163.87,25938760
2018-01-02,170.16,172.3,169.26,172.26,166.804,25400540
2018-01-03,172.53,174.55,171.96,172.23,166.775,29461040
2018-01-04,172.54,173.47,172.08,173.03,167.55,22342650
2018-01-05,173.44,175.37,173.05,175,169.457,23589930
2018-01-08,174.35,175.61,173.93,174.35,168.828,20523870
2018-01-09,174.55,175.06,173.41,174.33,168.809,21532200
2018-01-10,173.16,174.3,173,174.29,168.77,23751690
2018-01-11,174.59,175.489,174.49,175.28,169.728,18653380
2018-01-12,176.18,177.36,175.65,177.09,171.481,25302200
2018-01-16,177.9,179.39,176.14,176.19,170.609,29512410
2018-01-17,176.15,179.25,175.07,179.1,173.427,34260230
2018-01-18,179.37,180.1,178.25,179.26,173.582,31087330
2018-01-19,178.61,179.58,177.41,178.46,172.808,31306390
2018-01-22,177.3,177.78,176.602,177,171.394,27052000
2018-01-23,177.3,179.44,176.82,177.04,171.433,32395870
2018-01-24,177.25,177.3,173.2,174.22,168.702,51368540
2018-01-25,174.505,174.95,170.53,171.11,165.69,41438280
2018-01-26,172,172,170.06,171.51,166.078,39075250
2018-01-29,170.16,170.16,167.07,167.96,162.64,50565420
2018-01-30,165.525,167.37,164.7,166.97,161.682,45635470
2018-01-31,166.87,168.442,166.5,167.43,162.127,32234520
2018-02-01,167.165,168.62,166.76,167.78,162.466,44453230
2018-02-02,166,166.8,160.1,160.5,155.417,85957050
2018-02-05,159.1,163.88,156,156.49,151.534,72215320
2018-02-06,154.83,163.72,154,163.03,157.866,68171940
2018-02-07,163.085,163.4,159.069,159.54,154.487,51467440
2018-02-08,160.29,161,155.03,155.15,150.236,54145930
2018-02-09,157.07,157.89,150.24,156.41,152.074,70657607
2018-02-12,158.5,163.89,157.51,162.71,158.199,60774900
2018-02-13,161.95,164.75,161.65,164.34,159.784,32483310
2018-02-14,163.045,167.54,162.88,167.37,162.73,40382890
2018-02-15,169.79,173.09,169,172.99,168.194,50908540
2018-02-16,172.36,174.82,171.77,172.43,167.649,40113790
2018-02-20,172.05,174.26,171.42,171.85,167.085,33690660
2018-02-21,172.83,174.12,171.01,171.07,166.327,37378070
2018-02-22,171.8,173.95,171.71,172.5,167.718,30953760
2018-02-23,173.67,175.65,173.54,175.5,170.634,33772050
2018-02-26,176.35,179.39,176.21,178.97,174.008,37353670
2018-02-27,179.1,180.48,178.16,178.39,173.444,38885510
2018-02-28,179.26,180.615,178.05,178.12,173.182,37568080
2018-03-01,178.54,179.775,172.66,175,170.148,48706170
2018-03-02,172.8,176.3,172.45,176.21,171.325,38426060
2018-03-05,175.21,177.74,174.52,176.82,171.918,27825140
2018-03-06,177.91,178.25,176.13,176.67,171.772,23273160
2018-03-07,174.94,175.85,174.27,175.03,170.177,31686450
2018-03-08,175.48,177.12,175.07,176.94,172.034,24518850
2018-03-09,177.96,180,177.39,179.98,174.99,32130360
2018-03-12,180.29,182.39,180.21,181.72,176.682,32191070
2018-03-13,182.59,183.5,179.24,179.97,174.98,31464170
2018-03-14,180.32,180.52,177.81,178.44,173.493,29334630
2018-03-15,178.5,180.24,178.07,178.65,173.697,22676520
2018-03-16,178.65,179.12,177.62,178.02,173.084,39402115
2018-03-19,177.32,177.47,173.66,175.3,170.44,32931110
2018-03-20,175.24,176.8,174.94,175.24,170.381,19620520
2018-03-21,175.04,175.09,171.26,171.27,166.522,36387880
2018-03-22,170,172.68,168.6,168.85,164.169,41335980
2018-03-23,168.39,169.92,164.94,164.94,160.367,40984540
2018-03-26,168.07,173.1,166.44,172.77,167.98,36778560
2018-03-27,173.68,175.15,166.92,168.34,163.673,39824200
2018-03-28,167.25,170.02,165.19,166.48,161.864,41464880
2018-03-29,167.805,171.75,166.9,167.78,163.128,38116290
2018-04-02,167.88,168.94,164.47,166.68,162.059,37425640
2018-04-03,167.64,168.745,164.88,168.39,163.721,30237640
2018-04-04,164.88,172.01,164.77,171.61,166.852,34581850
2018-04-05,172.58,174.23,172.08,172.8,168.009,26933197
2018-04-06,170.97,172.48,168.2,168.38,163.712,34949690
2018-04-09,169.88,173.09,169.845,170.05,165.335,28976200
2018-04-10,173,174,171.53,173.25,168.447,28567110
2018-04-11,172.23,173.923,171.7,172.44,167.659,22401040
2018-04-12,173.41,175,173.04,174.14,169.312,22858840
2018-04-13,174.78,175.84,173.85,174.73,169.886,25100510
2018-04-16,175.03,176.19,174.83,175.82,170.945,21561320
2018-04-17,176.49,178.936,176.41,178.24,173.298,26575010
2018-04-18,177.81,178.82,176.88,177.84,172.909,20544600
2018-04-19,174.95,175.39,172.66,172.8,168.009,34693280
2018-04-20,170.595,171.218,165.43,165.72,161.125,65270950
2018-04-23,166.835,166.92,164.09,165.24,160.659,36396590
2018-04-24,165.67,166.33,161.22,162.94,158.423,33674960
2018-04-25,162.62,165.42,162.41,163.65,159.113,28331540
2018-04-26,164.12,165.73,163.37,164.22,159.667,27850370
2018-04-27,164,164.33,160.63,162.32,157.82,35617230
2018-04-30,162.13,167.26,161.84,165.26,160.678,42427424
2018-05-01,166.41,169.2,165.27,169.1,164.412,52228910
2018-05-02,175.225,177.75,173.8,176.57,171.675,66454720
2018-05-03,175.88,177.5,174.441,176.89,171.986,33944110
2018-05-04,178.25,184.25,178.17,183.83,178.733,56137230
2018-05-07,185.18,187.67,184.75,185.16,180.026,42557530
2018-05-08,184.99,186.22,183.665,186.05,180.892,28053230
2018-05-09,186.55,187.4,185.22,187.36,182.166,23141260
2018-05-10,187.74,190.37,187.65,190.04,184.771,27942430
2018-05-11,189.49,190.06,187.45,188.59,184.068,26167950
2018-05-14,189.01,189.53,187.86,188.15,183.639,20393070
2018-05-15,186.78,187.07,185.1,186.44,181.97,23639070
2018-05-16,186.07,188.46,186,188.18,183.668,19046600
2018-05-17,188,188.91,186.36,186.99,182.507,17014490
2018-05-18,187.19,187.81,186.13,186.31,181.843,18297728
2018-05-21,188,189.27,186.911,187.63,183.131,18383080
2018-05-22,188.375,188.88,186.78,187.16,182.673,15228270
2018-05-23,186.35,188.5,185.76,188.36,183.844,19966590
2018-05-24,188.77,188.84,186.21,188.15,183.639,23129400
2018-05-25,188.23,189.65,187.65,188.58,184.059,17186760
2018-05-29,187.6,188.75,186.87,187.9,183.395,22409110
2018-05-30,187.72,188,186.78,187.5,183.005,18503410
2018-05-31,187.22,188.23,186.14,186.87,182.39,27468700
2018-06-01,187.991,190.26,187.75,190.24,185.679,23377690
2018-06-04,191.635,193.42,191.35,191.83,187.231,26190620
2018-06-05,193.065,193.94,192.36,193.31,188.675,21535570
2018-06-06,193.63,194.08,191.92,193.98,189.329,20912820
2018-06-07,194.14,194.2,192.335,193.46,188.822,21329170
2018-06-08,191.17,192,189.77,191.7,187.104,26580710
2018-06-11,191.35,191.97,190.21,191.23,186.645,18069930
2018-06-12,191.385,192.611,191.15,192.28,187.67,16859020
2018-06-13,192.42,192.88,190.44,190.7,186.128,21480120
2018-06-14,191.55,191.57,190.22,190.8,186.225,21584720
2018-06-15,190.03,190.16,188.26,188.84,184.312,61438290
2018-06-18,187.88,189.22,187.2,188.74,184.215,18458410
2018-06-19,185.14,186.33,183.45,185.69,181.238,33538550
2018-06-20,186.35,187.2,185.73,186.5,182.029,20490090
2018-06-21,187.25,188.35,184.94,185.46,181.013,25649240
2018-06-22,186.12,186.15,184.7,184.92,180.486,27185130
2018-06-25,183.4,184.92,180.73,182.17,177.802,31632320
2018-06-26,182.99,186.53,182.54,184.43,180.008,24378480
2018-06-27,185.228,187.28,184.03,184.16,179.745,24987260
2018-06-28,184.1,186.21,183.8,185.5,181.053,17352380
2018-06-29,186.29,187.19,182.91,185.11,180.672,22551660
2018-07-02,183.82,187.3,183.42,187.18,182.692,17675210
2018-07-03,187.79,187.95,183.54,183.92,179.51,13954810
2018-07-05,185.26,186.41,184.28,185.4,180.955,16543880
2018-07-06,185.42,188.434,185.2,187.97,183.463,17426160
2018-07-09,189.5,190.68,189.3,190.58,186.011,19636390
2018-07-10,190.71,191.28,190.18,190.35,185.786,15801370
2018-07-11,188.5,189.78,187.61,187.88,183.375,18776390
2018-07-12,189.53,191.41,189.31,191.03,186.45,18000180
2018-07-13,191.08,191.84,190.9,191.33,186.743,12506830
2018-07-16,191.52,192.65,190.415,190.91,186.333,15009800
2018-07-17,189.75,191.87,189.2,191.45,186.86,15515000
2018-07-18,191.78,191.8,189.93,190.4,185.835,16365720
2018-07-19,189.69,192.55,189.69,191.88,187.28,20182050
2018-07-20,191.78,192.43,190.17,191.44,186.85,20670830
2018-07-23,190.68,191.96,189.56,191.61,187.016,15955820
2018-07-24,192.45,193.66,192.05,193,188.373,18680930
2018-07-25,193.06,194.85,192.43,194.82,190.149,16553500
2018-07-26,194.61,195.96,193.61,194.21,189.554,19005150
2018-07-27,194.99,195.19,190.1,190.98,186.401,23975350
2018-07-30,191.9,192.2,189.07,189.91,185.357,20912890
2018-07-31,190.3,192.14,189.34,190.29,185.728,37847260
2018-08-01,199.13,201.76,197.31,201.5,196.669,67812280
2018-08-02,200.58,208.38,200.35,207.39,202.418,62317430
2018-08-03,207.03,208.74,205.48,207.99,203.003,33408050
2018-08-06,208,209.25,207.07,209.07,204.057,25396100
2018-08-07,209.32,209.5,206.76,207.11,202.144,25525650
2018-08-08,206.05,207.81,204.52,207.25,202.281,22493750
2018-08-09,207.28,209.78,207.2,208.88,203.872,23389530
2018-08-10,207.36,209.1,206.67,207.53,203.265,24592460
2018-08-13,207.7,210.952,207.7,208.87,204.577,25864510
2018-08-14,210.155,210.56,208.26,209.75,205.439,20679270
2018-08-15,209.22,210.74,208.33,210.24,205.919,28595230
2018-08-16,211.75,213.812,211.47,213.32,208.936,27595310
2018-08-17,213.44,217.95,213.16,217.58,213.108,35034410
2018-08-20,218.1,219.18,215.11,215.46,211.032,30149410
2018-08-21,216.8,217.19,214.025,215.04,210.62,25682700
2018-08-22,214.1,216.36,213.84,215.05,210.63,18965930
2018-08-23,214.65,217.05,214.6,215.49,211.061,18505780
2018-08-24,216.6,216.9,215.11,216.16,211.717,18457720
2018-08-27,217.15,218.74,216.33,217.94,213.461,20400770
2018-08-28,219.01,220.54,218.92,219.7,215.185,22751390
2018-08-29,220.15,223.49,219.41,222.98,218.397,27074260
2018-08-30,223.25,228.26,222.4,225.03,220.405,48696960
2018-08-31,226.51,228.87,226,227.63,222.952,43177540
2018-09-04,228.41,229.18,226.63,228.36,223.667,27363960
2018-09-05,228.99,229.67,225.1,226.87,222.207,33290830
2018-09-06,226.23,227.35,221.3,223.1,218.515,34121240
2018-09-07,221.85,225.37,220.71,221.3,216.752,37418910
2018-09-10,220.95,221.85,216.47,218.33,213.843,39194720
2018-09-11,218.01,224.299,216.56,223.85,219.249,35644510
2018-09-12,224.94,225,219.84,221.07,216.526,49118510
2018-09-13,223.52,228.35,222.57,226.41,221.757,41411350
2018-09-14,225.75,226.84,222.522,223.84,219.239,31801970
2018-09-17,222.15,222.95,217.27,217.88,213.402,36810120
2018-09-18,217.79,221.85,217.12,218.24,213.755,31495630
2018-09-19,218.5,219.62,215.3,218.37,213.882,26869880
2018-09-20,220.24,222.28,219.15,220.03,215.508,26388050
2018-09-21,220.78,221.36,217.29,217.66,213.186,95584080
2018-09-24,216.82,221.26,216.63,220.79,216.252,27581270
2018-09-25,219.75,222.82,219.7,222.19,217.623,22811140
2018-09-26,221,223.75,219.76,220.42,215.89,23430370
2018-09-27,223.82,226.44,223.54,224.95,220.327,29729270
2018-09-28,224.79,225.84,224.02,225.74,221.1,22560440
2018-10-01,227.95,229.42,226.35,227.26,222.589,23171020
2018-10-02,227.25,230,226.63,229.28,224.568,24435010
2018-10-03,230.05,233.47,229.78,232.07,227.3,28540490
2018-10-04,230.78,232.35,226.73,227.99,223.304,31961120
2018-10-05,227.96,228.41,220.58,224.29,219.68,33507770
2018-10-08,222.21,224.8,220.2,223.77,219.171,28784550
2018-10-09,223.64,227.27,222.246,226.87,222.207,26656630
2018-10-10,225.46,226.35,216.05,216.36,211.913,41084070
2018-10-11,214.52,219.5,212.32,214.45,210.042,52902320
2018-10-12,220.42,222.88,216.84,222.11,217.545,39494770
2018-10-15,221.16,221.83,217.27,217.36,212.893,30280450
2018-10-16,218.93,222.99,216.763,222.15,217.584,28802550
2018-10-17,222.3,222.64,219.34,221.19,216.644,22692880
2018-10-18,217.86,219.74,213,216.02,211.58,32389280
2018-10-19,218.06,221.26,217.43,219.31,214.803,32874330
2018-10-22,219.79,223.36,218.94,220.65,216.115,28751540
2018-10-23,215.83,223.25,214.7,222.73,218.152,38681170
2018-10-24,222.6,224.23,214.54,215.09,210.669,39992120
2018-10-25,217.71,221.38,216.75,219.8,215.282,29027340
2018-10-26,215.9,220.19,212.67,216.3,211.855,47191700
2018-10-29,219.19,219.69,206.09,212.24,207.878,45713690
2018-10-30,211.15,215.18,209.27,213.3,208.916,36487930
2018-10-31,216.88,220.45,216.62,218.86,214.362,38016810
2018-11-01,219.05,222.36,216.81,222.22,217.653,52954070
2018-11-02,209.55,213.65,205.43,207.48,203.216,91046560
2018-11-05,204.3,204.39,198.17,201.59,197.447,66072170
2018-11-06,201.92,204.72,201.69,203.77,199.582,31774720
2018-11-07,205.97,210.06,204.13,209.95,205.635,33291640
2018-11-08,209.98,210.12,206.75,208.49,204.917,25289270
2018-11-09,205.55,206.01,202.25,204.47,200.966,34317760
2018-11-12,199,199.85,193.79,194.17,190.843,50991030
2018-11-13,191.63,197.18,191.45,192.23,188.936,46725710
2018-11-14,193.9,194.48,185.93,186.8,183.599,60547340
2018-11-15,188.39,191.97,186.9,191.41,188.13,46271660
2018-11-16,190.5,194.97,189.46,193.53,190.214,36191330
2018-11-19,190,190.7,184.99,185.86,182.675,41626820
2018-11-20,178.37,181.47,175.51,176.98,173.947,67678680
2018-11-21,179.73,180.27,176.55,176.78,173.751,31096240
2018-11-23,174.94,176.595,172.1,172.29,169.338,23623970
2018-11-26,174.24,174.95,170.26,174.62,171.628,44662320
2018-11-27,171.51,174.77,170.88,174.24,171.254,41156140
2018-11-28,176.73,181.29,174.93,180.94,177.84,45941750
2018-11-29,182.66,182.8,177.7,179.55,176.473,41523580
2018-11-30,180.29,180.33,177.03,178.58,175.52,39424260
2018-12-03,184.46,184.94,181.21,184.82,181.653,40537700
2018-12-04,180.95,182.39,176.27,176.69,173.662,41141250
2018-12-06,171.76,174.78,170.42,174.72,171.726,42704910
2018-12-07,173.49,174.49,168.3,168.49,165.603,41678680
2018-12-10,165,170.09,163.33,169.6,166.694,61759000
2018-12-11,171.66,171.79,167,168.63,165.74,45968040
2018-12-12,170.4,171.92,169.02,169.1,166.202,35474680
2018-12-13,170.49,172.57,169.55,170.95,168.021,31754210
2018-12-14,169,169.08,165.28,165.48,162.644,40620360
2018-12-17,165.45,168.35,162.73,163.94,161.131,43250420
2018-12-18,165.38,167.53,164.39,166.07,163.224,33753490
2018-12-19,166,167.45,159.09,160.89,158.133,47597670
2018-12-20,160.4,162.11,155.3,156.83,154.143,64398230
2018-12-21,156.86,158.16,149.63,150.73,148.147,95497900
2018-12-24,148.15,151.55,146.59,146.83,144.314,37169230
2018-12-26,148.3,157.23,146.72,157.17,154.477,58133850
2018-12-27,155.84,156.77,150.07,156.15,153.474,51608850
2018-12-28,157.5,158.52,154.55,156.23,153.553,41740600
2018-12-31,158.53,159.36,156.48,157.74,155.037,34499390
2019-01-02,154.89,158.85,154.23,157.92,155.214,35637070
2019-01-03,143.98,145.72,142,142.19,139.754,91272103
2019-01-04,144.53,148.55,143.8,148.26,145.72,58582113
2019-01-07,148.7,148.83,145.9,147.93,145.395,54747383
2019-01-08,149.56,151.82,148.52,150.75,148.167,40957937
2019-01-09,151.29,154.53,149.63,153.31,150.683,45071296
2019-01-10,152.5,153.97,150.86,153.8,151.165,35693858
2019-01-11,152.88,153.7,151.51,152.29,149.68,26979208
2019-01-14,150.85,151.27,149.22,150,147.43,32018540
2019-01-15,150.27,153.39,150.05,153.07,150.447,28686640
2019-01-16,153.08,155.88,153,154.94,152.285,30552856
2019-01-17,154.2,157.66,153.26,155.86,153.189,29638284
2019-01-18,157.5,157.88,155.981,156.82,154.133,33259460
2019-01-22,156.41,156.73,152.62,153.3,150.673,30379637
2019-01-23,154.15,155.14,151.7,153.92,151.282,23123253
2019-01-24,154.11,154.48,151.74,152.7,150.083,25429265
2019-01-25,155.48,158.13,154.32,157.76,155.057,33526943
2019-01-28,155.79,156.33,153.66,156.3,153.622,24691502
2019-01-29,156.25,158.13,154.11,154.68,152.03,41587239
2019-01-30,163.25,166.15,160.23,165.25,162.418,61109780
2019-01-31,166.11,169,164.56,166.44,163.588,40613260
2019-02-01,166.96,168.98,165.93,166.52,163.667,32644590
2019-02-04,167.41,171.655,167.28,171.25,168.316,31384720
2019-02-05,172.86,175.08,172.35,174.18,171.195,36054570
2019-02-06,174.65,175.57,172.853,174.24,171.254,28228865
2019-02-07,172.4,173.94,170.34,170.94,168.011,31706078
2019-02-08,168.99,170.66,168.42,170.41,168.208,23793830
2019-02-11,171.05,171.21,169.25,169.43,167.241,20940020
2019-02-12,170.1,171,169.7,170.89,168.682,22224400
2019-02-13,171.39,172.48,169.92,170.18,167.981,22389660
2019-02-14,169.71,171.262,169.38,170.8,168.593,21785180
2019-02-15,171.25,171.7,169.75,170.42,168.218,24603320
2019-02-19,169.71,171.44,169.49,170.93,168.722,18958570
2019-02-20,171.19,173.32,170.99,172.03,169.807,25323890
2019-02-21,171.8,172.37,170.3,171.06,168.85,17154540
2019-02-22,171.58,173,171.38,172.97,170.735,18890250
2019-02-25,174.16,175.87,173.95,174.23,171.979,21846400
2019-02-26,173.71,175.3,173.173,174.33,172.078,16991610
2019-02-27,173.21,175,172.73,174.87,172.611,27817640
2019-02-28,174.32,174.91,172.92,173.15,170.913,27953810
2019-03-01,174.28,175.15,172.89,174.97,172.709,25737560
2019-03-04,175.69,177.75,173.97,175.85,173.578,27413060
2019-03-05,175.94,176,174.54,175.53,173.262,19238480
2019-03-06,174.67,175.49,173.94,174.52,172.265,20755140
2019-03-07,173.87,174.44,172.02,172.5,170.271,24755470
2019-03-08,170.32,173.07,169.5,172.91,170.676,23985960
2019-03-11,175.49,179.12,175.35,178.9,176.589,31123000
2019-03-12,180,182.67,179.37,180.91,178.573,32416800
2019-03-13,182.25,183.3,180.92,181.71,179.362,30929740
2019-03-14,183.9,184.1,182.56,183.73,181.356,23527660
2019-03-15,184.85,187.33,183.74,186.12,183.715,39017490
2019-03-18,185.8,188.39,185.79,188.02,185.591,26148590
2019-03-19,188.35,188.99,185.92,186.53,184.12,31440300
2019-03-20,186.23,189.49,184.73,188.16,185.729,31003380
2019-03-21,190.02,196.33,189.81,195.09,192.569,50943120
2019-03-22,195.34,197.69,190.78,191.05,188.582,42287640
2019-03-25,191.51,191.98,186.6,188.74,186.302,43751810
2019-03-26,191.664,192.88,184.58,186.79,184.377,49696100
2019-03-27,188.75,189.76,186.55,188.47,186.035,29771210
2019-03-28,188.95,189.559,187.53,188.72,186.282,20710390
2019-03-29,189.83,190.08,188.54,189.95,187.496,23524830
2019-04-01,191.64,191.68,188.38,191.24,188.769,27308200
2019-04-02,191.09,194.46,191.05,194.02,191.513,22727370
2019-04-03,193.25,196.5,193.15,195.35,192.826,23243160
2019-04-04,194.79,196.37,193.14,195.69,193.162,19090050
2019-04-05,196.45,197.1,195.93,197,194.455,18473070
2019-04-08,196.42,200.23,196.34,200.1,197.515,25829880
2019-04-09,200.32,202.85,199.23,199.5,196.923,35738280
2019-04-10,198.68,200.74,198.18,200.62,198.028,21654750
2019-04-11,200.85,201,198.443,198.95,196.38,20543190
2019-04-12,199.2,200.14,196.21,198.87,196.301,27738580
2019-04-15,198.58,199.85,198.01,199.23,196.656,17524150
2019-04-16,199.46,201.37,198.56,199.25,196.676,25668330
2019-04-17,199.54,203.38,198.61,203.13,200.506,28865310
2019-04-18,203.12,204.15,202.52,203.86,201.226,24185530
2019-04-22,202.83,204.94,202.34,204.53,201.887,17841920
2019-04-23,204.43,207.75,203.9,207.48,204.799,23286380
2019-04-24,207.36,208.48,207.05,207.16,204.483,17427570
2019-04-25,206.83,207.76,205.12,205.28,202.628,18463850
2019-04-26,204.9,205,202.12,204.3,201.661,18612770
2019-04-29,204.4,205.97,203.86,204.61,201.966,22010360
2019-04-30,203.06,203.4,199.11,200.67,198.077,45751160
2019-05-01,209.88,215.31,209.23,210.52,207.8,64827328
2019-05-02,209.84,212.65,208.13,209.15,206.448,30184813
2019-05-03,210.89,211.84,210.23,211.75,209.014,20075231
2019-05-06,204.29,208.84,203.5,208.48,205.786,32443113
2019-05-07,205.88,207.417,200.825,202.86,200.239,37943554
2019-05-08,201.9,205.34,201.75,202.9,200.279,25674950
2019-05-09,200.4,201.68,196.66,200.72,198.127,34474701
2019-05-10,197.419,198.85,192.77,197.18,195.382,38400734
2019-05-13,187.71,189.48,182.85,185.72,184.026,57430623
2019-05-14,186.41,189.7,185.41,188.66,186.94,34831404
2019-05-15,186.27,191.75,186.02,190.92,189.179,25522022
2019-05-16,189.91,192.469,188.84,190.08,188.347,31724490
2019-05-17,186.93,190.9,186.76,189,187.277,31562428
2019-05-20,183.52,184.349,180.284,183.09,181.421,38612290
2019-05-21,185.22,188,184.7,186.6,184.899,28364848
2019-05-22,184.66,185.71,182.55,182.78,181.113,29735749
2019-05-23,179.8,180.54,177.81,179.66,178.022,36526333
2019-05-24,180.2,182.14,178.62,178.97,177.338,23707998
2019-05-28,178.92,180.59,177.91,178.23,176.605,27948160
2019-05-29,176.42,179.35,176,177.38,175.762,28481170
2019-05-30,177.95,179.23,176.67,178.3,176.674,21215584
2019-05-31,176.23,177.99,174.99,175.07,173.474,27043580
2019-06-03,175.6,177.92,170.27,173.3,171.72,40396069
2019-06-04,175.44,179.83,174.52,179.64,178.002,30930763
2019-06-05,184.28,184.99,181.14,182.54,180.875,29768020
2019-06-06,183.08,185.47,182.149,185.22,183.531,22510662
2019-06-07,186.51,191.92,185.77,190.15,188.416,30684393
2019-06-10,191.81,195.37,191.62,192.58,190.824,26216553
2019-06-11,194.86,196,193.6,194.81,193.034,26924360
2019-06-12,193.95,195.97,193.385,194.19,192.419,18253189
2019-06-13,194.7,196.79,193.6,194.15,192.38,21671939
2019-06-14,191.545,193.586,190.3,192.74,190.982,18761470
2019-06-17,192.9,194.96,192.17,193.89,192.122,14669140
2019-06-18,196.05,200.29,195.21,198.45,196.64,26551000
2019-06-19,199.68,199.88,197.31,197.87,196.066,21124235
2019-06-20,200.37,200.61,198.03,199.46,197.641,21513990
2019-06-21,198.8,200.85,198.15,198.78,196.967,47800590
2019-06-24,198.54,200.16,198.17,198.58,196.769,18220420
2019-06-25,198.43,199.26,195.29,195.57,193.787,21070330
2019-06-26,197.77,200.99,197.35,199.8,197.978,26067510
2019-06-27,200.29,201.57,199.57,199.74,197.919,20899720
2019-06-28,198.68,199.495,197.05,197.92,196.115,31089437
2019-07-01,203.17,204.49,200.65,201.55,199.712,27305466
2019-07-02,201.41,203.132,201.36,202.73,200.881,16935217
2019-07-03,203.28,204.44,202.69,204.41,202.546,11362045
2019-07-05,203.35,205.08,202.9,204.23,202.368,17265520
2019-07-08,200.81,201.4,198.41,200.02,198.196,25320662
2019-07-09,199.2,201.51,198.81,201.24,199.405,20576670
2019-07-10,201.85,203.73,201.56,203.23,201.377,17894623
2019-07-11,203.31,204.39,201.71,201.75,199.91,20191842
2019-07-12,202.45,204,202.2,203.3,201.446,17594942
2019-07-15,204.09,205.87,204,205.21,203.339,16947420
2019-07-16,204.59,206.11,203.5,204.5,202.635,16863678
2019-07-17,204.05,205.091,203.27,203.35,201.496,14107450
2019-07-18,204,205.88,203.7,205.66,203.785,18582160
2019-07-19,205.79,206.5,202.36,202.59,200.743,20929310
2019-07-22,203.65,207.23,203.61,207.22,205.33,22277930
2019-07-23,208.46,208.91,207.29,208.84,206.936,18355210
2019-07-24,207.67,209.15,207.17,208.67,206.767,14991570
2019-07-25,208.89,209.24,206.73,207.02,205.132,13909560
2019-07-26,207.48,209.73,207.14,207.74,205.846,17613572
2019-07-29,208.46,210.64,208.44,209.68,207.768,21656611
2019-07-30,208.76,210.16,207.31,208.78,206.876,33806878
2019-07-31,216.42,221.37,211.3,213.04,211.097,69264367
2019-08-01,213.9,218.03,206.744,208.43,206.529,53986449
2019-08-02,205.53,206.43,201.63,204.02,202.16,40862122
2019-08-05,197.99,198.649,192.58,193.34,191.577,52352052
2019-08-06,196.31,198.067,194.04,197,195.204,35820609
2019-08-07,195.41,199.56,193.82,199.04,197.225,33361410
2019-08-08,200.2,203.53,199.39,203.43,201.575,27000468
2019-08-09,201.3,202.76,199.29,200.99,199.914,24619750
2019-08-12,199.62,202.052,199.15,200.48,199.407,22480449
2019-08-13,201.02,212.14,200.83,208.97,207.851,47537072
2019-08-14,203.16,206.44,202.587,202.75,201.665,36547443
2019-08-15,203.46,205.14,199.67,201.74,200.66,27883363
2019-08-16,204.28,207.16,203.84,206.5,205.394,28812260
2019-08-19,210.62,212.731,210.025,210.35,209.224,24428254
2019-08-20,210.88,213.35,210.32,210.36,209.234,26915035
2019-08-21,212.99,213.65,211.603,212.64,211.501,21564747
2019-08-22,213.19,214.435,210.75,212.46,211.322,22267819
2019-08-23,209.43,212.051,201,202.64,201.555,46882843
2019-08-26,205.86,207.19,205.057,206.49,205.385,26066130
2019-08-27,207.86,208.55,203.53,204.16,203.067,25897344
2019-08-28,204.1,205.72,203.32,205.53,204.43,15951905
2019-08-29,208.5,209.32,206.655,209.01,207.891,20999812
2019-08-30,210.16,210.45,207.2,208.74,207.622,21162560
2019-09-03,206.43,206.98,204.22,205.7,204.599,20046449
2019-09-04,208.39,209.48,207.32,209.19,208.07,19212635
2019-09-05,212,213.97,211.51,213.28,212.138,23936009
2019-09-06,214.05,214.42,212.51,213.26,212.118,19362290
2019-09-09,214.84,216.44,211.07,214.17,213.023,27309400
2019-09-10,213.86,216.78,211.71,216.7,215.54,31777930
2019-09-11,218.07,223.71,217.73,223.59,222.393,44289650
2019-09-12,224.8,226.42,222.86,223.085,221.891,32211663
2019-09-13,220,220.79,217.02,218.75,217.579,39763300
2019-09-16,217.73,220.13,217.56,219.9,218.723,21158140
2019-09-17,219.96,220.82,219.12,220.7,219.518,18386470
2019-09-18,221.06,222.85,219.44,222.77,221.577,25643090
2019-09-19,222.01,223.76,220.37,220.96,219.777,22187880
2019-09-20,221.38,222.56,217.473,217.73,216.564,57977090
2019-09-23,218.95,219.84,217.65,218.72,217.549,19419650
2019-09-24,221.03,222.49,217.19,217.68,216.515,31434370
2019-09-25,218.55,221.5,217.14,221.03,219.847,22481010
2019-09-26,220,220.94,218.83,219.89,218.713,19088310
2019-09-27,220.54,220.96,217.281,218.82,217.649,25361290
2019-09-30,220.9,224.58,220.79,223.97,222.771,26318580
2019-10-01,225.07,228.22,224.2,224.59,223.388,36187160
2019-10-02,223.06,223.58,217.93,218.96,217.788,35767260
2019-10-03,218.43,220.96,215.132,220.82,219.638,30352690
2019-10-04,225.64,227.49,223.89,227.01,225.795,34755550
2019-10-07,226.27,229.93,225.84,227.06,225.844,30889270
2019-10-08,225.82,228.06,224.33,224.4,223.199,29282700
2019-10-09,227.03,227.79,225.64,227.03,225.815,19029420
2019-10-10,227.93,230.44,227.3,230.09,228.858,28962980
2019-10-11,232.95,237.64,232.308,236.21,234.945,41990210
2019-10-14,234.9,238.134,234.67,235.87,234.607,24413480
2019-10-15,236.39,237.65,234.88,235.32,234.06,23040480
2019-10-16,233.37,235.24,233.2,234.37,233.115,19286690
2019-10-17,235.09,236.15,233.52,235.28,234.02,17272900
2019-10-18,234.59,237.58,234.29,236.41,235.144,24377170
2019-10-21,237.52,240.99,237.32,240.51,239.222,22367480
2019-10-22,241.16,242.2,239.622,239.96,238.675,22684000
2019-10-23,242.1,243.24,241.22,243.18,241.878,19932550
2019-10-24,244.51,244.8,241.805,243.58,242.276,17916260
2019-10-25,243.16,246.73,242.88,246.58,245.26,18369300
2019-10-28,247.42,249.25,246.72,249.05,247.717,24143240
2019-10-29,248.97,249.75,242.57,243.29,241.987,35709870
2019-10-30,244.76,245.3,241.21,243.26,241.958,31130520
2019-10-31,247.24,249.17,237.26,248.76,247.428,34790520
2019-11-01,249.54,255.93,249.16,255.82,254.45,37781330
2019-11-04,257.33,257.845,255.38,257.5,256.121,25817950
2019-11-05,257.05,258.19,256.32,257.13,255.753,19974430
2019-11-06,256.77,257.49,255.365,257.24,255.863,18966120
2019-11-07,258.74,260.35,258.11,259.43,258.816,23735080
2019-11-08,258.69,260.44,256.85,260.14,259.524,17520500
2019-11-11,258.3,262.47,258.28,262.2,261.579,20507460
2019-11-12,261.55,262.79,260.92,261.96,261.34,21813230
2019-11-13,261.13,264.78,261.07,264.47,263.844,25817590
2019-11-14,263.75,264.88,262.1,262.64,262.018,22395560
2019-11-15,263.68,265.78,263.01,265.76,265.131,25093670
2019-11-18,265.8,267.43,264.23,267.1,266.468,21700900
2019-11-19,267.9,268,265.393,266.29,265.659,19069600
2019-11-20,265.54,266.083,260.4,263.19,262.567,26609920
2019-11-21,263.69,264.005,261.18,262.01,261.39,30348780
2019-11-22,262.59,263.18,260.84,261.78,261.16,16331260
2019-11-25,262.71,266.44,262.52,266.37,265.739,21029520
2019-11-26,266.94,267.16,262.5,264.29,263.664,26334880
2019-11-27,265.58,267.98,265.31,267.84,267.206,16386120
2019-11-29,266.6,268,265.9,267.25,266.617,11654360
2019-12-02,267.27,268.25,263.45,264.16,263.535,23693550
2019-12-03,258.31,259.53,256.29,259.45,258.836,29377270
2019-12-04,261.07,263.31,260.68,261.74,261.12,16810390
2019-12-05,263.79,265.89,262.73,265.58,264.951,18661340
2019-12-06,267.48,271,267.3,270.71,270.069,26547490
2019-12-09,270,270.8,264.91,266.92,266.288,32182650
2019-12-10,268.6,270.07,265.86,268.48,267.844,22632380
2019-12-11,268.81,271.1,268.5,270.77,270.129,19723390
2019-12-12,267.78,272.56,267.321,271.46,270.817,34437040
2019-12-13,271.46,275.3,270.93,275.15,274.498,33432810
2019-12-16,277,280.79,276.98,279.86,279.197,32081110
2019-12-17,279.57,281.77,278.8,280.41,279.746,28575800
2019-12-18,279.8,281.9,279.12,279.74,279.078,29024690
2019-12-19,279.5,281.18,278.95,280.02,279.357,24626950
2019-12-20,282.23,282.65,278.56,279.44,278.778,69012827
2019-12-23,280.53,284.25,280.373,284,283.328,24677880
2019-12-24,284.69,284.89,282.92,284.27,283.597,12119714
2019-12-26,284.82,289.98,284.7,289.91,289.224,23334000
2019-12-27,291.12,293.97,288.12,289.8,289.114,36592940
2019-12-30,289.46,292.69,285.22,291.52,290.83,36059610
2019-12-31,289.93,293.68,289.52,293.65,292.955,25247630
2020-01-02,296.24,300.6,295.19,300.35,299.639,33911860
2020-01-03,297.15,300.58,296.5,297.43,296.726,36561370
2020-01-06,293.79,299.96,292.75,299.8,299.09,29644640
2020-01-07,299.84,300.9,297.48,298.39,297.683,27877660
2020-01-08,297.16,304.44,297.156,303.19,302.472,33090950
2020-01-09,307.235,310.43,306.2,309.63,308.897,42621540
2020-01-10,310.6,312.67,308.25,310.33,309.595,35217270
2020-01-13,311.64,317.07,311.15,316.96,316.209,30521720
2020-01-14,316.7,317.57,312.17,312.68,311.94,40653460
2020-01-15,311.85,315.5,309.55,311.34,310.603,30480880
2020-01-16,313.59,315.7,312.09,315.24,314.494,27207250
2020-01-17,316.27,318.74,315,318.73,317.975,34454120
2020-01-21,317.19,319.02,316,316.57,315.82,27710810
2020-01-22,318.58,319.99,317.31,317.7,316.948,25458120
2020-01-23,317.92,319.56,315.65,319.23,318.474,26117990
2020-01-24,320.25,323.33,317.519,318.31,317.556,36634380
2020-01-27,310.06,311.77,304.88,308.95,308.219,40485010
2020-01-28,312.6,318.4,312.19,317.69,316.938,40558490
2020-01-29,324.45,327.85,321.38,324.34,323.572,54149930
2020-01-30,320.544,324.09,318.75,323.87,323.103,31685810
2020-01-31,320.93,322.68,308.29,309.51,308.777,49897100
2020-02-03,304.3,313.49,302.22,308.66,307.929,43496400
2020-02-04,315.31,319.64,313.635,318.85,318.095,34154130
2020-02-05,323.52,324.76,318.95,321.45,320.689,29706720
2020-02-06,322.57,325.22,320.265,325.21,324.44,26356390
2020-02-07,322.37,323.4,318,320.03,320.03,29421010
2020-02-10,314.18,321.55,313.85,321.55,321.55,27337220
2020-02-11,323.6,323.9,318.71,319.61,319.61,23580780
2020-02-12,321.47,327.22,321.47,327.2,327.2,28432570
2020-02-13,324.19,326.22,323.35,324.87,324.87,23686890
2020-02-14,324.74,325.98,322.85,324.95,324.95,20028450
2020-02-18,315.36,319.75,314.61,319,319,38190550
2020-02-19,320,324.57,320,323.62,323.62,23495990
2020-02-20,322.63,324.65,318.21,320.3,320.3,25141490
2020-02-21,318.62,320.45,310.5,313.05,313.05,32426420
2020-02-24,297.26,304.18,289.23,298.18,298.18,55548830
2020-02-25,300.95,302.53,286.13,288.08,288.08,57668360
2020-02-26,286.53,297.88,286.5,292.65,292.65,49678430
2020-02-27,281.1,286,272.96,273.52,273.52,80151380
2020-02-28,257.26,278.41,256.37,273.36,273.36,106721200
2020-03-02,282.28,301.44,277.72,298.81,298.81,85349340
2020-03-03,303.67,304,285.8,289.32,289.32,79868850
2020-03-04,296.44,303.4,293.13,302.74,302.74,54794570
2020-03-05,295.52,299.55,291.41,292.92,292.92,46893220
2020-03-06,282,290.82,281.23,289.03,289.03,56544250
2020-03-09,263.75,278.09,263,266.17,266.17,71686210
2020-03-10,277.14,286.44,269.37,285.34,285.34,71322520
2020-03-11,277.39,281.22,271.86,275.43,275.43,64094970
2020-03-12,255.94,270,248,248.23,248.23,104618500
2020-03-13,264.89,279.92,252.95,277.97,277.97,92683030
2020-03-16,241.95,259.08,240,242.21,242.21,80605870
2020-03-17,247.51,257.61,238.4,252.86,252.86,81013970
2020-03-18,239.77,250,237.12,246.67,246.67,75058410
2020-03-19,247.385,252.84,242.61,244.78,244.78,67964260
2020-03-20,247.18,251.83,228,229.24,229.24,100423300
2020-03-23,228.08,228.5,212.61,224.37,224.37,84188210
2020-03-24,236.36,247.69,234.3,246.88,246.88,71882770
2020-03-25,250.75,258.25,244.3,245.52,245.52,75900510
2020-03-26,246.52,258.68,246.36,258.44,258.44,63140170
2020-03-27,252.75,255.87,247.05,247.74,247.74,51054150
2020-03-30,250.74,255.52,249.4,254.81,254.81,41994110
2020-03-31,255.6,262.49,252,254.29,254.29,49250500
2020-04-01,246.5,248.72,239.13,240.91,240.91,44054640
2020-04-02,240.34,245.15,236.9,244.93,244.93,41483490
2020-04-03,242.8,245.7,238.974,241.41,241.41,32470020
2020-04-06,250.9,263.11,249.38,262.47,262.47,50455070
2020-04-07,270.8,271.7,259,259.43,259.43,50721830
2020-04-08,262.74,267.37,261.23,266.07,266.07,42223820
2020-04-09,268.7,270.07,264.7,267.99,267.99,40529120
2020-04-13,268.31,273.7,265.83,273.25,273.25,32755730
2020-04-14,280,288.25,278.05,287.05,287.05,48748670
2020-04-15,282.4,286.33,280.63,284.43,284.43,32788640
2020-04-16,287.38,288.197,282.35,286.69,286.69,39281290
2020-04-17,284.69,286.945,276.86,282.8,282.8,53812480
2020-04-20,277.95,281.68,276.85,276.93,276.93,32503750
2020-04-21,276.28,277.25,265.43,268.37,268.37,45247890
2020-04-22,273.61,277.9,272.2,276.1,276.1,29264340
2020-04-23,275.87,281.75,274.87,275.03,275.03,31203582
2020-04-24,277.2,283.01,277,282.97,282.97,31627180
2020-04-27,281.8,284.54,279.95,283.17,283.17,29271890
2020-04-28,285.08,285.83,278.2,278.58,278.58,28001190
2020-04-29,284.73,289.67,283.89,287.73,287.73,34320200
2020-04-30,289.96,294.53,288.35,293.8,293.8,45765970
2020-05-01,286.25,299,285.85,289.07,289.07,60154180
2020-05-04,289.17,293.69,286.317,293.16,293.16,33391990
2020-05-05,295.06,301,294.46,297.56,297.56,36937800
2020-05-06,300.46,303.24,298.87,300.63,300.63,35583440
2020-05-07,303.22,305.17,301.97,303.74,303.74,28803764
